x,y,z,field,linearfit
0.0,-0.5,0.0,0.033,0.032600000000000046
0.0,0.0,0.0,-0.021,-0.020799999999999992
0.0,0.5,0.0,-0.075,-0.07420000000000003
0.0,1.0,0.0,-0.127,-0.12760000000000007
